customer_id,customer_name,contact_info,demographics
1,Customer 1,customer1@gmail.com,36-45
2,Customer 2,customer2@gmail.com,56+
3,Customer 3,customer3@gmail.com,36-45
4,Customer 4,customer4@gmail.com,36-45
5,Customer 5,customer5@gmail.com,56+
6,Customer 6,customer6@gmail.com,36-45
7,Customer 7,customer7@gmail.com,46-55
8,Customer 8,customer8@gmail.com,18-25
9,Customer 9,customer9@gmail.com,56+
10,Customer 10,customer10@gmail.com,46-55
11,Customer 11,customer11@gmail.com,56+
12,Customer 12,customer12@gmail.com,46-55
13,Customer 13,customer13@gmail.com,18-25
14,Customer 14,customer14@gmail.com,26-35
15,Customer 15,customer15@gmail.com,46-55
16,Customer 16,customer16@gmail.com,26-35
17,Customer 17,customer17@gmail.com,36-45
18,Customer 18,customer18@gmail.com,26-35
19,Customer 19,customer19@gmail.com,18-25
20,Customer 20,customer20@gmail.com,26-35
21,Customer 21,customer21@gmail.com,36-45
22,Customer 22,customer22@gmail.com,26-35
23,Customer 23,customer23@gmail.com,56+
24,Customer 24,customer24@gmail.com,56+
25,Customer 25,customer25@gmail.com,26-35
26,Customer 26,customer26@gmail.com,56+
27,Customer 27,customer27@gmail.com,26-35
28,Customer 28,customer28@gmail.com,36-45
29,Customer 29,customer29@gmail.com,18-25
30,Customer 30,customer30@gmail.com,26-35
31,Customer 31,customer31@gmail.com,36-45
32,Customer 32,customer32@gmail.com,26-35
33,Customer 33,customer33@gmail.com,36-45
34,Customer 34,customer34@gmail.com,18-25
35,Customer 35,customer35@gmail.com,26-35
36,Customer 36,customer36@gmail.com,46-55
37,Customer 37,customer37@gmail.com,46-55
38,Customer 38,customer38@gmail.com,26-35
39,Customer 39,customer39@gmail.com,26-35
40,Customer 40,customer40@gmail.com,18-25
41,Customer 41,customer41@gmail.com,56+
42,Customer 42,customer42@gmail.com,56+
43,Customer 43,customer43@gmail.com,18-25
44,Customer 44,customer44@gmail.com,46-55
45,Customer 45,customer45@gmail.com,18-25
46,Customer 46,customer46@gmail.com,18-25
47,Customer 47,customer47@gmail.com,26-35
48,Customer 48,customer48@gmail.com,46-55
49,Customer 49,customer49@gmail.com,18-25
50,Customer 50,customer50@gmail.com,56+
51,Customer 51,customer51@gmail.com,18-25
52,Customer 52,customer52@gmail.com,46-55
53,Customer 53,customer53@gmail.com,46-55
54,Customer 54,customer54@gmail.com,26-35
55,Customer 55,customer55@gmail.com,26-35
56,Customer 56,customer56@gmail.com,56+
57,Customer 57,customer57@gmail.com,18-25
58,Customer 58,customer58@gmail.com,26-35
59,Customer 59,customer59@gmail.com,18-25
60,Customer 60,customer60@gmail.com,26-35
61,Customer 61,customer61@gmail.com,36-45
62,Customer 62,customer62@gmail.com,56+
63,Customer 63,customer63@gmail.com,26-35
64,Customer 64,customer64@gmail.com,26-35
65,Customer 65,customer65@gmail.com,56+
66,Customer 66,customer66@gmail.com,46-55
67,Customer 67,customer67@gmail.com,36-45
68,Customer 68,customer68@gmail.com,36-45
69,Customer 69,customer69@gmail.com,26-35
70,Customer 70,customer70@gmail.com,46-55
71,Customer 71,customer71@gmail.com,26-35
72,Customer 72,customer72@gmail.com,56+
73,Customer 73,customer73@gmail.com,36-45
74,Customer 74,customer74@gmail.com,36-45
75,Customer 75,customer75@gmail.com,26-35
76,Customer 76,customer76@gmail.com,36-45
77,Customer 77,customer77@gmail.com,36-45
78,Customer 78,customer78@gmail.com,36-45
79,Customer 79,customer79@gmail.com,26-35
80,Customer 80,customer80@gmail.com,26-35
81,Customer 81,customer81@gmail.com,56+
82,Customer 82,customer82@gmail.com,26-35
83,Customer 83,customer83@gmail.com,56+
84,Customer 84,customer84@gmail.com,26-35
85,Customer 85,customer85@gmail.com,18-25
86,Customer 86,customer86@gmail.com,18-25
87,Customer 87,customer87@gmail.com,56+
88,Customer 88,customer88@gmail.com,26-35
89,Customer 89,customer89@gmail.com,56+
90,Customer 90,customer90@gmail.com,36-45
91,Customer 91,customer91@gmail.com,46-55
92,Customer 92,customer92@gmail.com,56+
93,Customer 93,customer93@gmail.com,46-55
94,Customer 94,customer94@gmail.com,18-25
95,Customer 95,customer95@gmail.com,56+
96,Customer 96,customer96@gmail.com,26-35
97,Customer 97,customer97@gmail.com,56+
98,Customer 98,customer98@gmail.com,56+
99,Customer 99,customer99@gmail.com,26-35
100,Customer 100,customer100@gmail.com,18-25
101,Customer 101,customer101@gmail.com,56+
102,Customer 102,customer102@gmail.com,26-35
103,Customer 103,customer103@gmail.com,46-55
104,Customer 104,customer104@gmail.com,56+
105,Customer 105,customer105@gmail.com,26-35
106,Customer 106,customer106@gmail.com,18-25
107,Customer 107,customer107@gmail.com,56+
108,Customer 108,customer108@gmail.com,56+
109,Customer 109,customer109@gmail.com,36-45
110,Customer 110,customer110@gmail.com,18-25
111,Customer 111,customer111@gmail.com,56+
112,Customer 112,customer112@gmail.com,36-45
113,Customer 113,customer113@gmail.com,46-55
114,Customer 114,customer114@gmail.com,36-45
115,Customer 115,customer115@gmail.com,56+
116,Customer 116,customer116@gmail.com,46-55
117,Customer 117,customer117@gmail.com,56+
118,Customer 118,customer118@gmail.com,56+
119,Customer 119,customer119@gmail.com,26-35
120,Customer 120,customer120@gmail.com,26-35
121,Customer 121,customer121@gmail.com,56+
122,Customer 122,customer122@gmail.com,36-45
123,Customer 123,customer123@gmail.com,18-25
124,Customer 124,customer124@gmail.com,46-55
125,Customer 125,customer125@gmail.com,56+
126,Customer 126,customer126@gmail.com,18-25
127,Customer 127,customer127@gmail.com,36-45
128,Customer 128,customer128@gmail.com,26-35
129,Customer 129,customer129@gmail.com,46-55
130,Customer 130,customer130@gmail.com,26-35
131,Customer 131,customer131@gmail.com,36-45
132,Customer 132,customer132@gmail.com,46-55
133,Customer 133,customer133@gmail.com,46-55
134,Customer 134,customer134@gmail.com,36-45
135,Customer 135,customer135@gmail.com,36-45
136,Customer 136,customer136@gmail.com,18-25
137,Customer 137,customer137@gmail.com,46-55
138,Customer 138,customer138@gmail.com,56+
139,Customer 139,customer139@gmail.com,18-25
140,Customer 140,customer140@gmail.com,56+
141,Customer 141,customer141@gmail.com,46-55
142,Customer 142,customer142@gmail.com,46-55
143,Customer 143,customer143@gmail.com,56+
144,Customer 144,customer144@gmail.com,26-35
145,Customer 145,customer145@gmail.com,26-35
146,Customer 146,customer146@gmail.com,46-55
147,Customer 147,customer147@gmail.com,36-45
148,Customer 148,customer148@gmail.com,56+
149,Customer 149,customer149@gmail.com,26-35
150,Customer 150,customer150@gmail.com,56+
151,Customer 151,customer151@gmail.com,46-55
152,Customer 152,customer152@gmail.com,18-25
153,Customer 153,customer153@gmail.com,46-55
154,Customer 154,customer154@gmail.com,46-55
155,Customer 155,customer155@gmail.com,46-55
156,Customer 156,customer156@gmail.com,18-25
157,Customer 157,customer157@gmail.com,18-25
158,Customer 158,customer158@gmail.com,26-35
159,Customer 159,customer159@gmail.com,26-35
160,Customer 160,customer160@gmail.com,18-25
161,Customer 161,customer161@gmail.com,56+
162,Customer 162,customer162@gmail.com,18-25
163,Customer 163,customer163@gmail.com,36-45
164,Customer 164,customer164@gmail.com,26-35
165,Customer 165,customer165@gmail.com,18-25
166,Customer 166,customer166@gmail.com,36-45
167,Customer 167,customer167@gmail.com,56+
168,Customer 168,customer168@gmail.com,56+
169,Customer 169,customer169@gmail.com,56+
170,Customer 170,customer170@gmail.com,36-45
171,Customer 171,customer171@gmail.com,26-35
172,Customer 172,customer172@gmail.com,46-55
173,Customer 173,customer173@gmail.com,46-55
174,Customer 174,customer174@gmail.com,46-55
175,Customer 175,customer175@gmail.com,46-55
176,Customer 176,customer176@gmail.com,26-35
177,Customer 177,customer177@gmail.com,46-55
178,Customer 178,customer178@gmail.com,18-25
179,Customer 179,customer179@gmail.com,56+
180,Customer 180,customer180@gmail.com,56+
181,Customer 181,customer181@gmail.com,18-25
182,Customer 182,customer182@gmail.com,46-55
183,Customer 183,customer183@gmail.com,36-45
184,Customer 184,customer184@gmail.com,46-55
185,Customer 185,customer185@gmail.com,36-45
186,Customer 186,customer186@gmail.com,46-55
187,Customer 187,customer187@gmail.com,46-55
188,Customer 188,customer188@gmail.com,56+
189,Customer 189,customer189@gmail.com,36-45
190,Customer 190,customer190@gmail.com,36-45
191,Customer 191,customer191@gmail.com,46-55
192,Customer 192,customer192@gmail.com,26-35
193,Customer 193,customer193@gmail.com,36-45
194,Customer 194,customer194@gmail.com,18-25
195,Customer 195,customer195@gmail.com,46-55
196,Customer 196,customer196@gmail.com,18-25
197,Customer 197,customer197@gmail.com,26-35
198,Customer 198,customer198@gmail.com,46-55
199,Customer 199,customer199@gmail.com,56+
200,Customer 200,customer200@gmail.com,46-55
201,Customer 201,customer201@gmail.com,56+
202,Customer 202,customer202@gmail.com,26-35
203,Customer 203,customer203@gmail.com,56+
204,Customer 204,customer204@gmail.com,36-45
205,Customer 205,customer205@gmail.com,18-25
206,Customer 206,customer206@gmail.com,56+
207,Customer 207,customer207@gmail.com,18-25
208,Customer 208,customer208@gmail.com,56+
209,Customer 209,customer209@gmail.com,46-55
210,Customer 210,customer210@gmail.com,46-55
211,Customer 211,customer211@gmail.com,56+
212,Customer 212,customer212@gmail.com,26-35
213,Customer 213,customer213@gmail.com,56+
214,Customer 214,customer214@gmail.com,18-25
215,Customer 215,customer215@gmail.com,26-35
216,Customer 216,customer216@gmail.com,36-45
217,Customer 217,customer217@gmail.com,18-25
218,Customer 218,customer218@gmail.com,46-55
219,Customer 219,customer219@gmail.com,56+
220,Customer 220,customer220@gmail.com,18-25
221,Customer 221,customer221@gmail.com,56+
222,Customer 222,customer222@gmail.com,36-45
223,Customer 223,customer223@gmail.com,18-25
224,Customer 224,customer224@gmail.com,56+
225,Customer 225,customer225@gmail.com,26-35
226,Customer 226,customer226@gmail.com,56+
227,Customer 227,customer227@gmail.com,46-55
228,Customer 228,customer228@gmail.com,18-25
229,Customer 229,customer229@gmail.com,56+
230,Customer 230,customer230@gmail.com,18-25
231,Customer 231,customer231@gmail.com,18-25
232,Customer 232,customer232@gmail.com,46-55
233,Customer 233,customer233@gmail.com,56+
234,Customer 234,customer234@gmail.com,36-45
235,Customer 235,customer235@gmail.com,26-35
236,Customer 236,customer236@gmail.com,18-25
237,Customer 237,customer237@gmail.com,26-35
238,Customer 238,customer238@gmail.com,56+
239,Customer 239,customer239@gmail.com,46-55
240,Customer 240,customer240@gmail.com,56+
241,Customer 241,customer241@gmail.com,46-55
242,Customer 242,customer242@gmail.com,46-55
243,Customer 243,customer243@gmail.com,26-35
244,Customer 244,customer244@gmail.com,36-45
245,Customer 245,customer245@gmail.com,56+
246,Customer 246,customer246@gmail.com,26-35
247,Customer 247,customer247@gmail.com,18-25
248,Customer 248,customer248@gmail.com,56+
249,Customer 249,customer249@gmail.com,26-35
250,Customer 250,customer250@gmail.com,46-55
251,Customer 251,customer251@gmail.com,36-45
252,Customer 252,customer252@gmail.com,36-45
253,Customer 253,customer253@gmail.com,46-55
254,Customer 254,customer254@gmail.com,26-35
255,Customer 255,customer255@gmail.com,26-35
256,Customer 256,customer256@gmail.com,18-25
257,Customer 257,customer257@gmail.com,36-45
258,Customer 258,customer258@gmail.com,56+
259,Customer 259,customer259@gmail.com,56+
260,Customer 260,customer260@gmail.com,56+
261,Customer 261,customer261@gmail.com,36-45
262,Customer 262,customer262@gmail.com,46-55
263,Customer 263,customer263@gmail.com,26-35
264,Customer 264,customer264@gmail.com,56+
265,Customer 265,customer265@gmail.com,18-25
266,Customer 266,customer266@gmail.com,18-25
267,Customer 267,customer267@gmail.com,46-55
268,Customer 268,customer268@gmail.com,46-55
269,Customer 269,customer269@gmail.com,36-45
270,Customer 270,customer270@gmail.com,46-55
271,Customer 271,customer271@gmail.com,26-35
272,Customer 272,customer272@gmail.com,56+
273,Customer 273,customer273@gmail.com,56+
274,Customer 274,customer274@gmail.com,26-35
275,Customer 275,customer275@gmail.com,46-55
276,Customer 276,customer276@gmail.com,26-35
277,Customer 277,customer277@gmail.com,46-55
278,Customer 278,customer278@gmail.com,26-35
279,Customer 279,customer279@gmail.com,46-55
280,Customer 280,customer280@gmail.com,18-25
281,Customer 281,customer281@gmail.com,46-55
282,Customer 282,customer282@gmail.com,56+
283,Customer 283,customer283@gmail.com,46-55
284,Customer 284,customer284@gmail.com,46-55
285,Customer 285,customer285@gmail.com,56+
286,Customer 286,customer286@gmail.com,56+
287,Customer 287,customer287@gmail.com,56+
288,Customer 288,customer288@gmail.com,26-35
289,Customer 289,customer289@gmail.com,18-25
290,Customer 290,customer290@gmail.com,26-35
291,Customer 291,customer291@gmail.com,36-45
292,Customer 292,customer292@gmail.com,18-25
293,Customer 293,customer293@gmail.com,26-35
294,Customer 294,customer294@gmail.com,56+
295,Customer 295,customer295@gmail.com,18-25
296,Customer 296,customer296@gmail.com,18-25
297,Customer 297,customer297@gmail.com,26-35
298,Customer 298,customer298@gmail.com,56+
299,Customer 299,customer299@gmail.com,18-25
300,Customer 300,customer300@gmail.com,56+
301,Customer 301,customer301@gmail.com,36-45
302,Customer 302,customer302@gmail.com,46-55
303,Customer 303,customer303@gmail.com,56+
304,Customer 304,customer304@gmail.com,36-45
305,Customer 305,customer305@gmail.com,36-45
306,Customer 306,customer306@gmail.com,46-55
307,Customer 307,customer307@gmail.com,46-55
308,Customer 308,customer308@gmail.com,46-55
309,Customer 309,customer309@gmail.com,36-45
310,Customer 310,customer310@gmail.com,18-25
311,Customer 311,customer311@gmail.com,26-35
312,Customer 312,customer312@gmail.com,46-55
313,Customer 313,customer313@gmail.com,36-45
314,Customer 314,customer314@gmail.com,56+
315,Customer 315,customer315@gmail.com,46-55
316,Customer 316,customer316@gmail.com,46-55
317,Customer 317,customer317@gmail.com,56+
318,Customer 318,customer318@gmail.com,46-55
319,Customer 319,customer319@gmail.com,26-35
320,Customer 320,customer320@gmail.com,36-45
321,Customer 321,customer321@gmail.com,36-45
322,Customer 322,customer322@gmail.com,26-35
323,Customer 323,customer323@gmail.com,18-25
324,Customer 324,customer324@gmail.com,56+
325,Customer 325,customer325@gmail.com,18-25
326,Customer 326,customer326@gmail.com,36-45
327,Customer 327,customer327@gmail.com,18-25
328,Customer 328,customer328@gmail.com,56+
329,Customer 329,customer329@gmail.com,18-25
330,Customer 330,customer330@gmail.com,56+
331,Customer 331,customer331@gmail.com,26-35
332,Customer 332,customer332@gmail.com,56+
333,Customer 333,customer333@gmail.com,26-35
334,Customer 334,customer334@gmail.com,56+
335,Customer 335,customer335@gmail.com,26-35
336,Customer 336,customer336@gmail.com,46-55
337,Customer 337,customer337@gmail.com,56+
338,Customer 338,customer338@gmail.com,46-55
339,Customer 339,customer339@gmail.com,56+
340,Customer 340,customer340@gmail.com,36-45
341,Customer 341,customer341@gmail.com,18-25
342,Customer 342,customer342@gmail.com,56+
343,Customer 343,customer343@gmail.com,46-55
344,Customer 344,customer344@gmail.com,36-45
345,Customer 345,customer345@gmail.com,18-25
346,Customer 346,customer346@gmail.com,18-25
347,Customer 347,customer347@gmail.com,46-55
348,Customer 348,customer348@gmail.com,46-55
349,Customer 349,customer349@gmail.com,36-45
350,Customer 350,customer350@gmail.com,26-35
351,Customer 351,customer351@gmail.com,26-35
352,Customer 352,customer352@gmail.com,18-25
353,Customer 353,customer353@gmail.com,26-35
354,Customer 354,customer354@gmail.com,26-35
355,Customer 355,customer355@gmail.com,18-25
356,Customer 356,customer356@gmail.com,36-45
357,Customer 357,customer357@gmail.com,46-55
358,Customer 358,customer358@gmail.com,36-45
359,Customer 359,customer359@gmail.com,18-25
360,Customer 360,customer360@gmail.com,46-55
361,Customer 361,customer361@gmail.com,26-35
362,Customer 362,customer362@gmail.com,56+
363,Customer 363,customer363@gmail.com,36-45
364,Customer 364,customer364@gmail.com,36-45
365,Customer 365,customer365@gmail.com,18-25
366,Customer 366,customer366@gmail.com,26-35
367,Customer 367,customer367@gmail.com,46-55
368,Customer 368,customer368@gmail.com,56+
369,Customer 369,customer369@gmail.com,36-45
370,Customer 370,customer370@gmail.com,18-25
371,Customer 371,customer371@gmail.com,46-55
372,Customer 372,customer372@gmail.com,26-35
373,Customer 373,customer373@gmail.com,46-55
374,Customer 374,customer374@gmail.com,26-35
375,Customer 375,customer375@gmail.com,26-35
376,Customer 376,customer376@gmail.com,26-35
377,Customer 377,customer377@gmail.com,46-55
378,Customer 378,customer378@gmail.com,56+
379,Customer 379,customer379@gmail.com,56+
380,Customer 380,customer380@gmail.com,36-45
381,Customer 381,customer381@gmail.com,18-25
382,Customer 382,customer382@gmail.com,26-35
383,Customer 383,customer383@gmail.com,18-25
384,Customer 384,customer384@gmail.com,18-25
385,Customer 385,customer385@gmail.com,56+
386,Customer 386,customer386@gmail.com,26-35
387,Customer 387,customer387@gmail.com,46-55
388,Customer 388,customer388@gmail.com,36-45
389,Customer 389,customer389@gmail.com,56+
390,Customer 390,customer390@gmail.com,46-55
391,Customer 391,customer391@gmail.com,36-45
392,Customer 392,customer392@gmail.com,46-55
393,Customer 393,customer393@gmail.com,46-55
394,Customer 394,customer394@gmail.com,46-55
395,Customer 395,customer395@gmail.com,26-35
396,Customer 396,customer396@gmail.com,46-55
397,Customer 397,customer397@gmail.com,56+
398,Customer 398,customer398@gmail.com,26-35
399,Customer 399,customer399@gmail.com,56+
400,Customer 400,customer400@gmail.com,36-45
401,Customer 401,customer401@gmail.com,36-45
402,Customer 402,customer402@gmail.com,26-35
403,Customer 403,customer403@gmail.com,36-45
404,Customer 404,customer404@gmail.com,18-25
405,Customer 405,customer405@gmail.com,46-55
406,Customer 406,customer406@gmail.com,18-25
407,Customer 407,customer407@gmail.com,26-35
408,Customer 408,customer408@gmail.com,18-25
409,Customer 409,customer409@gmail.com,18-25
410,Customer 410,customer410@gmail.com,56+
411,Customer 411,customer411@gmail.com,46-55
412,Customer 412,customer412@gmail.com,36-45
413,Customer 413,customer413@gmail.com,56+
414,Customer 414,customer414@gmail.com,26-35
415,Customer 415,customer415@gmail.com,56+
416,Customer 416,customer416@gmail.com,46-55
417,Customer 417,customer417@gmail.com,46-55
418,Customer 418,customer418@gmail.com,46-55
419,Customer 419,customer419@gmail.com,46-55
420,Customer 420,customer420@gmail.com,26-35
421,Customer 421,customer421@gmail.com,36-45
422,Customer 422,customer422@gmail.com,46-55
423,Customer 423,customer423@gmail.com,56+
424,Customer 424,customer424@gmail.com,56+
425,Customer 425,customer425@gmail.com,56+
426,Customer 426,customer426@gmail.com,36-45
427,Customer 427,customer427@gmail.com,46-55
428,Customer 428,customer428@gmail.com,56+
429,Customer 429,customer429@gmail.com,46-55
430,Customer 430,customer430@gmail.com,56+
431,Customer 431,customer431@gmail.com,46-55
432,Customer 432,customer432@gmail.com,56+
433,Customer 433,customer433@gmail.com,18-25
434,Customer 434,customer434@gmail.com,26-35
435,Customer 435,customer435@gmail.com,46-55
436,Customer 436,customer436@gmail.com,36-45
437,Customer 437,customer437@gmail.com,18-25
438,Customer 438,customer438@gmail.com,18-25
439,Customer 439,customer439@gmail.com,46-55
440,Customer 440,customer440@gmail.com,36-45
441,Customer 441,customer441@gmail.com,46-55
442,Customer 442,customer442@gmail.com,46-55
443,Customer 443,customer443@gmail.com,36-45
444,Customer 444,customer444@gmail.com,26-35
445,Customer 445,customer445@gmail.com,56+
446,Customer 446,customer446@gmail.com,46-55
447,Customer 447,customer447@gmail.com,46-55
448,Customer 448,customer448@gmail.com,56+
449,Customer 449,customer449@gmail.com,36-45
450,Customer 450,customer450@gmail.com,56+
451,Customer 451,customer451@gmail.com,36-45
452,Customer 452,customer452@gmail.com,26-35
453,Customer 453,customer453@gmail.com,56+
454,Customer 454,customer454@gmail.com,46-55
455,Customer 455,customer455@gmail.com,36-45
456,Customer 456,customer456@gmail.com,46-55
457,Customer 457,customer457@gmail.com,18-25
458,Customer 458,customer458@gmail.com,26-35
459,Customer 459,customer459@gmail.com,56+
460,Customer 460,customer460@gmail.com,56+
461,Customer 461,customer461@gmail.com,26-35
462,Customer 462,customer462@gmail.com,26-35
463,Customer 463,customer463@gmail.com,46-55
464,Customer 464,customer464@gmail.com,56+
465,Customer 465,customer465@gmail.com,36-45
466,Customer 466,customer466@gmail.com,36-45
467,Customer 467,customer467@gmail.com,36-45
468,Customer 468,customer468@gmail.com,18-25
469,Customer 469,customer469@gmail.com,36-45
470,Customer 470,customer470@gmail.com,56+
471,Customer 471,customer471@gmail.com,46-55
472,Customer 472,customer472@gmail.com,56+
473,Customer 473,customer473@gmail.com,36-45
474,Customer 474,customer474@gmail.com,56+
475,Customer 475,customer475@gmail.com,46-55
476,Customer 476,customer476@gmail.com,18-25
477,Customer 477,customer477@gmail.com,46-55
478,Customer 478,customer478@gmail.com,26-35
479,Customer 479,customer479@gmail.com,18-25
480,Customer 480,customer480@gmail.com,56+
481,Customer 481,customer481@gmail.com,18-25
482,Customer 482,customer482@gmail.com,18-25
483,Customer 483,customer483@gmail.com,18-25
484,Customer 484,customer484@gmail.com,46-55
485,Customer 485,customer485@gmail.com,26-35
486,Customer 486,customer486@gmail.com,56+
487,Customer 487,customer487@gmail.com,18-25
488,Customer 488,customer488@gmail.com,18-25
489,Customer 489,customer489@gmail.com,18-25
490,Customer 490,customer490@gmail.com,18-25
491,Customer 491,customer491@gmail.com,26-35
492,Customer 492,customer492@gmail.com,46-55
493,Customer 493,customer493@gmail.com,46-55
494,Customer 494,customer494@gmail.com,18-25
495,Customer 495,customer495@gmail.com,18-25
496,Customer 496,customer496@gmail.com,46-55
497,Customer 497,customer497@gmail.com,56+
498,Customer 498,customer498@gmail.com,56+
499,Customer 499,customer499@gmail.com,36-45
500,Customer 500,customer500@gmail.com,56+
501,Customer 501,customer501@gmail.com,36-45
502,Customer 502,customer502@gmail.com,36-45
503,Customer 503,customer503@gmail.com,26-35
504,Customer 504,customer504@gmail.com,46-55
505,Customer 505,customer505@gmail.com,36-45
506,Customer 506,customer506@gmail.com,46-55
507,Customer 507,customer507@gmail.com,36-45
508,Customer 508,customer508@gmail.com,18-25
509,Customer 509,customer509@gmail.com,36-45
510,Customer 510,customer510@gmail.com,26-35
511,Customer 511,customer511@gmail.com,46-55
512,Customer 512,customer512@gmail.com,56+
513,Customer 513,customer513@gmail.com,46-55
514,Customer 514,customer514@gmail.com,18-25
515,Customer 515,customer515@gmail.com,46-55
516,Customer 516,customer516@gmail.com,36-45
517,Customer 517,customer517@gmail.com,56+
518,Customer 518,customer518@gmail.com,36-45
519,Customer 519,customer519@gmail.com,26-35
520,Customer 520,customer520@gmail.com,46-55
521,Customer 521,customer521@gmail.com,56+
522,Customer 522,customer522@gmail.com,36-45
523,Customer 523,customer523@gmail.com,26-35
524,Customer 524,customer524@gmail.com,26-35
525,Customer 525,customer525@gmail.com,56+
526,Customer 526,customer526@gmail.com,56+
527,Customer 527,customer527@gmail.com,26-35
528,Customer 528,customer528@gmail.com,46-55
529,Customer 529,customer529@gmail.com,36-45
530,Customer 530,customer530@gmail.com,26-35
531,Customer 531,customer531@gmail.com,26-35
532,Customer 532,customer532@gmail.com,18-25
533,Customer 533,customer533@gmail.com,18-25
534,Customer 534,customer534@gmail.com,26-35
535,Customer 535,customer535@gmail.com,36-45
536,Customer 536,customer536@gmail.com,18-25
537,Customer 537,customer537@gmail.com,56+
538,Customer 538,customer538@gmail.com,26-35
539,Customer 539,customer539@gmail.com,46-55
540,Customer 540,customer540@gmail.com,36-45
541,Customer 541,customer541@gmail.com,36-45
542,Customer 542,customer542@gmail.com,46-55
543,Customer 543,customer543@gmail.com,26-35
544,Customer 544,customer544@gmail.com,18-25
545,Customer 545,customer545@gmail.com,56+
546,Customer 546,customer546@gmail.com,46-55
547,Customer 547,customer547@gmail.com,36-45
548,Customer 548,customer548@gmail.com,36-45
549,Customer 549,customer549@gmail.com,26-35
550,Customer 550,customer550@gmail.com,18-25
551,Customer 551,customer551@gmail.com,36-45
552,Customer 552,customer552@gmail.com,46-55
553,Customer 553,customer553@gmail.com,26-35
554,Customer 554,customer554@gmail.com,26-35
555,Customer 555,customer555@gmail.com,26-35
556,Customer 556,customer556@gmail.com,18-25
557,Customer 557,customer557@gmail.com,46-55
558,Customer 558,customer558@gmail.com,56+
559,Customer 559,customer559@gmail.com,18-25
560,Customer 560,customer560@gmail.com,56+
561,Customer 561,customer561@gmail.com,46-55
562,Customer 562,customer562@gmail.com,46-55
563,Customer 563,customer563@gmail.com,56+
564,Customer 564,customer564@gmail.com,56+
565,Customer 565,customer565@gmail.com,56+
566,Customer 566,customer566@gmail.com,56+
567,Customer 567,customer567@gmail.com,36-45
568,Customer 568,customer568@gmail.com,56+
569,Customer 569,customer569@gmail.com,36-45
570,Customer 570,customer570@gmail.com,56+
571,Customer 571,customer571@gmail.com,26-35
572,Customer 572,customer572@gmail.com,56+
573,Customer 573,customer573@gmail.com,26-35
574,Customer 574,customer574@gmail.com,56+
575,Customer 575,customer575@gmail.com,46-55
576,Customer 576,customer576@gmail.com,36-45
577,Customer 577,customer577@gmail.com,26-35
578,Customer 578,customer578@gmail.com,46-55
579,Customer 579,customer579@gmail.com,36-45
580,Customer 580,customer580@gmail.com,36-45
581,Customer 581,customer581@gmail.com,18-25
582,Customer 582,customer582@gmail.com,56+
583,Customer 583,customer583@gmail.com,56+
584,Customer 584,customer584@gmail.com,36-45
585,Customer 585,customer585@gmail.com,36-45
586,Customer 586,customer586@gmail.com,46-55
587,Customer 587,customer587@gmail.com,26-35
588,Customer 588,customer588@gmail.com,46-55
589,Customer 589,customer589@gmail.com,26-35
590,Customer 590,customer590@gmail.com,56+
591,Customer 591,customer591@gmail.com,26-35
592,Customer 592,customer592@gmail.com,46-55
593,Customer 593,customer593@gmail.com,36-45
594,Customer 594,customer594@gmail.com,36-45
595,Customer 595,customer595@gmail.com,26-35
596,Customer 596,customer596@gmail.com,26-35
597,Customer 597,customer597@gmail.com,46-55
598,Customer 598,customer598@gmail.com,36-45
599,Customer 599,customer599@gmail.com,56+
600,Customer 600,customer600@gmail.com,36-45
